<?xml version="1.0" encoding="UTF-8"?>
<bpmn:definitions xmlns:xsi="http://www.w3.org/2001/XMLSchema-instance" xmlns:bpmn="http://www.omg.org/spec/BPMN/20100524/MODEL" xmlns:bpmndi="http://www.omg.org/spec/BPMN/20100524/DI" xmlns:dc="http://www.omg.org/spec/DD/20100524/DC" xmlns:di="http://www.omg.org/spec/DD/20100524/DI" id="Definitions_1" targetNamespace="http://bpmn.io/schema/bpmn">
  <bpmn:process id="Process_1" isExecutable="false">
    <bpmn:startEvent id="StartEvent_1" name="Start">
      <bpmn:outgoing>Flow_0aih05y</bpmn:outgoing>
    </bpmn:startEvent>
    <bpmn:userTask id="Activity_1rorq9y" name="Submission">
      <bpmn:incoming>Flow_0aih05y</bpmn:incoming>
      <bpmn:outgoing>Flow_17qhj8r</bpmn:outgoing>
    </bpmn:userTask>
    <bpmn:sequenceFlow id="Flow_0aih05y" name="Start" sourceRef="StartEvent_1" targetRef="Activity_1rorq9y" />
    <bpmn:userTask id="Activity_1lacool" name="Duty SGT Verify">
      <bpmn:incoming>Flow_17qhj8r</bpmn:incoming>
      <bpmn:incoming>Flow_1ebznbz</bpmn:incoming>
      <bpmn:outgoing>Flow_07sjl45</bpmn:outgoing>
      <bpmn:outgoing>Flow_0givvgs</bpmn:outgoing>
      <bpmn:outgoing>Flow_0h4keh6</bpmn:outgoing>
    </bpmn:userTask>
    <bpmn:sequenceFlow id="Flow_17qhj8r" name="Submit" sourceRef="Activity_1rorq9y" targetRef="Activity_1lacool" />
    <bpmn:userTask id="Activity_1x3wgiq" name="Requestor Rework">
      <bpmn:incoming>Flow_07sjl45</bpmn:incoming>
      <bpmn:incoming>Flow_0jvil7j</bpmn:incoming>
      <bpmn:outgoing>Flow_1w0jz9t</bpmn:outgoing>
      <bpmn:outgoing>Flow_1ebznbz</bpmn:outgoing>
    </bpmn:userTask>
    <bpmn:sequenceFlow id="Flow_07sjl45" name="Rework" sourceRef="Activity_1lacool" targetRef="Activity_1x3wgiq" />
    <bpmn:sequenceFlow id="Flow_1w0jz9t" name="Cancel" sourceRef="Activity_1x3wgiq" targetRef="Activity_0q66i1i" />
    <bpmn:sequenceFlow id="Flow_1ebznbz" name="Resubmit" sourceRef="Activity_1x3wgiq" targetRef="Activity_1lacool" />
    <bpmn:sequenceFlow id="Flow_0givvgs" name="Reject" sourceRef="Activity_1lacool" targetRef="Activity_13edxem" />
    <bpmn:userTask id="Activity_0hscwwn" name="HOD Review">
      <bpmn:incoming>Flow_0h4keh6</bpmn:incoming>
      <bpmn:outgoing>Flow_1u6fpws</bpmn:outgoing>
      <bpmn:outgoing>Flow_0nuz11o</bpmn:outgoing>
      <bpmn:outgoing>Flow_0jvil7j</bpmn:outgoing>
    </bpmn:userTask>
    <bpmn:sequenceFlow id="Flow_0h4keh6" name="Verify" sourceRef="Activity_1lacool" targetRef="Activity_0hscwwn" />
    <bpmn:sendTask id="Activity_0qqz072" name="Approved">
      <bpmn:incoming>Flow_1u6fpws</bpmn:incoming>
      <bpmn:outgoing>Flow_07cpsn2</bpmn:outgoing>
    </bpmn:sendTask>
    <bpmn:sequenceFlow id="Flow_1u6fpws" name="Approve" sourceRef="Activity_0hscwwn" targetRef="Activity_0qqz072" />
    <bpmn:endEvent id="Event_0r3b2nd" name="End">
      <bpmn:incoming>Flow_07cpsn2</bpmn:incoming>
      <bpmn:incoming>Flow_19508et</bpmn:incoming>
      <bpmn:incoming>Flow_12j60n6</bpmn:incoming>
    </bpmn:endEvent>
    <bpmn:sequenceFlow id="Flow_07cpsn2" name="End" sourceRef="Activity_0qqz072" targetRef="Event_0r3b2nd" />
    <bpmn:sendTask id="Activity_13edxem" name="Rejected">
      <bpmn:incoming>Flow_0givvgs</bpmn:incoming>
      <bpmn:incoming>Flow_0nuz11o</bpmn:incoming>
      <bpmn:outgoing>Flow_19508et</bpmn:outgoing>
    </bpmn:sendTask>
    <bpmn:sendTask id="Activity_0q66i1i" name="Cancelled">
      <bpmn:incoming>Flow_1w0jz9t</bpmn:incoming>
      <bpmn:outgoing>Flow_12j60n6</bpmn:outgoing>
    </bpmn:sendTask>
    <bpmn:sequenceFlow id="Flow_0nuz11o" name="Reject" sourceRef="Activity_0hscwwn" targetRef="Activity_13edxem" />
    <bpmn:sequenceFlow id="Flow_0jvil7j" name="Rework" sourceRef="Activity_0hscwwn" targetRef="Activity_1x3wgiq" />
    <bpmn:sequenceFlow id="Flow_19508et" name="End" sourceRef="Activity_13edxem" targetRef="Event_0r3b2nd" />
    <bpmn:sequenceFlow id="Flow_12j60n6" name="End" sourceRef="Activity_0q66i1i" targetRef="Event_0r3b2nd" />
  </bpmn:process>
  <bpmndi:BPMNDiagram id="BPMNDiagram_1">
    <bpmndi:BPMNPlane id="BPMNPlane_1" bpmnElement="Process_1">
      <bpmndi:BPMNShape id="_BPMNShape_StartEvent_2" bpmnElement="StartEvent_1">
        <dc:Bounds x="662" y="82" width="36" height="36" />
        <bpmndi:BPMNLabel>
          <dc:Bounds x="668" y="63" width="25" height="14" />
        </bpmndi:BPMNLabel>
      </bpmndi:BPMNShape>
      <bpmndi:BPMNShape id="Activity_19ra563_di" bpmnElement="Activity_1rorq9y">
        <dc:Bounds x="630" y="160" width="100" height="80" />
        <bpmndi:BPMNLabel />
      </bpmndi:BPMNShape>
      <bpmndi:BPMNShape id="Activity_0ffm7y4_di" bpmnElement="Activity_1lacool">
        <dc:Bounds x="630" y="300" width="100" height="80" />
        <bpmndi:BPMNLabel />
      </bpmndi:BPMNShape>
      <bpmndi:BPMNShape id="Activity_0yser4c_di" bpmnElement="Activity_1x3wgiq">
        <dc:Bounds x="870" y="300" width="100" height="80" />
        <bpmndi:BPMNLabel />
      </bpmndi:BPMNShape>
      <bpmndi:BPMNShape id="Activity_1gwpnkg_di" bpmnElement="Activity_0hscwwn">
        <dc:Bounds x="630" y="450" width="100" height="80" />
        <bpmndi:BPMNLabel />
      </bpmndi:BPMNShape>
      <bpmndi:BPMNShape id="Activity_0o1y1dw_di" bpmnElement="Activity_0qqz072">
        <dc:Bounds x="630" y="600" width="100" height="80" />
        <bpmndi:BPMNLabel />
      </bpmndi:BPMNShape>
      <bpmndi:BPMNShape id="Event_0r3b2nd_di" bpmnElement="Event_0r3b2nd">
        <dc:Bounds x="662" y="742" width="36" height="36" />
        <bpmndi:BPMNLabel>
          <dc:Bounds x="670" y="785" width="20" height="14" />
        </bpmndi:BPMNLabel>
      </bpmndi:BPMNShape>
      <bpmndi:BPMNShape id="Activity_0kdiaf0_di" bpmnElement="Activity_13edxem">
        <dc:Bounds x="430" y="300" width="100" height="80" />
        <bpmndi:BPMNLabel />
      </bpmndi:BPMNShape>
      <bpmndi:BPMNShape id="Activity_15le8en_di" bpmnElement="Activity_0q66i1i">
        <dc:Bounds x="870" y="160" width="100" height="80" />
        <bpmndi:BPMNLabel />
      </bpmndi:BPMNShape>
      <bpmndi:BPMNEdge id="Flow_0aih05y_di" bpmnElement="Flow_0aih05y">
        <di:waypoint x="680" y="118" />
        <di:waypoint x="680" y="160" />
        <bpmndi:BPMNLabel>
          <dc:Bounds x="638" y="129" width="25" height="14" />
        </bpmndi:BPMNLabel>
      </bpmndi:BPMNEdge>
      <bpmndi:BPMNEdge id="Flow_17qhj8r_di" bpmnElement="Flow_17qhj8r">
        <di:waypoint x="680" y="240" />
        <di:waypoint x="680" y="300" />
        <bpmndi:BPMNLabel>
          <dc:Bounds x="622" y="261" width="36" height="14" />
        </bpmndi:BPMNLabel>
      </bpmndi:BPMNEdge>
      <bpmndi:BPMNEdge id="Flow_07sjl45_di" bpmnElement="Flow_07sjl45">
        <di:waypoint x="730" y="360" />
        <di:waypoint x="870" y="360" />
        <bpmndi:BPMNLabel>
          <dc:Bounds x="781" y="363" width="38" height="14" />
        </bpmndi:BPMNLabel>
      </bpmndi:BPMNEdge>
      <bpmndi:BPMNEdge id="Flow_1w0jz9t_di" bpmnElement="Flow_1w0jz9t">
        <di:waypoint x="920" y="300" />
        <di:waypoint x="920" y="240" />
        <bpmndi:BPMNLabel>
          <dc:Bounds x="932" y="266" width="35" height="14" />
        </bpmndi:BPMNLabel>
      </bpmndi:BPMNEdge>
      <bpmndi:BPMNEdge id="Flow_1ebznbz_di" bpmnElement="Flow_1ebznbz">
        <di:waypoint x="870" y="320" />
        <di:waypoint x="730" y="320" />
        <bpmndi:BPMNLabel>
          <dc:Bounds x="776" y="302" width="48" height="14" />
        </bpmndi:BPMNLabel>
      </bpmndi:BPMNEdge>
      <bpmndi:BPMNEdge id="Flow_0givvgs_di" bpmnElement="Flow_0givvgs">
        <di:waypoint x="630" y="340" />
        <di:waypoint x="530" y="340" />
        <bpmndi:BPMNLabel>
          <dc:Bounds x="564" y="322" width="33" height="14" />
        </bpmndi:BPMNLabel>
      </bpmndi:BPMNEdge>
      <bpmndi:BPMNEdge id="Flow_0h4keh6_di" bpmnElement="Flow_0h4keh6">
        <di:waypoint x="680" y="380" />
        <di:waypoint x="680" y="450" />
        <bpmndi:BPMNLabel>
          <dc:Bounds x="626" y="410" width="28" height="14" />
        </bpmndi:BPMNLabel>
      </bpmndi:BPMNEdge>
      <bpmndi:BPMNEdge id="Flow_1u6fpws_di" bpmnElement="Flow_1u6fpws">
        <di:waypoint x="680" y="530" />
        <di:waypoint x="680" y="600" />
        <bpmndi:BPMNLabel>
          <dc:Bounds x="620" y="562" width="40" height="14" />
        </bpmndi:BPMNLabel>
      </bpmndi:BPMNEdge>
      <bpmndi:BPMNEdge id="Flow_07cpsn2_di" bpmnElement="Flow_07cpsn2">
        <di:waypoint x="680" y="680" />
        <di:waypoint x="680" y="742" />
        <bpmndi:BPMNLabel>
          <dc:Bounds x="650" y="703" width="20" height="14" />
        </bpmndi:BPMNLabel>
      </bpmndi:BPMNEdge>
      <bpmndi:BPMNEdge id="Flow_0nuz11o_di" bpmnElement="Flow_0nuz11o">
        <di:waypoint x="630" y="490" />
        <di:waypoint x="480" y="490" />
        <di:waypoint x="480" y="380" />
        <bpmndi:BPMNLabel>
          <dc:Bounds x="539" y="472" width="33" height="14" />
        </bpmndi:BPMNLabel>
      </bpmndi:BPMNEdge>
      <bpmndi:BPMNEdge id="Flow_0jvil7j_di" bpmnElement="Flow_0jvil7j">
        <di:waypoint x="730" y="490" />
        <di:waypoint x="920" y="490" />
        <di:waypoint x="920" y="380" />
        <bpmndi:BPMNLabel>
          <dc:Bounds x="806" y="472" width="38" height="14" />
        </bpmndi:BPMNLabel>
      </bpmndi:BPMNEdge>
      <bpmndi:BPMNEdge id="Flow_19508et_di" bpmnElement="Flow_19508et">
        <di:waypoint x="430" y="340" />
        <di:waypoint x="380" y="340" />
        <di:waypoint x="380" y="760" />
        <di:waypoint x="662" y="760" />
        <bpmndi:BPMNLabel>
          <dc:Bounds x="600" y="733" width="20" height="14" />
        </bpmndi:BPMNLabel>
      </bpmndi:BPMNEdge>
      <bpmndi:BPMNEdge id="Flow_12j60n6_di" bpmnElement="Flow_12j60n6">
        <di:waypoint x="970" y="200" />
        <di:waypoint x="1030" y="200" />
        <di:waypoint x="1030" y="760" />
        <di:waypoint x="698" y="760" />
        <bpmndi:BPMNLabel>
          <dc:Bounds x="740" y="733" width="20" height="14" />
        </bpmndi:BPMNLabel>
      </bpmndi:BPMNEdge>
    </bpmndi:BPMNPlane>
  </bpmndi:BPMNDiagram>
</bpmn:definitions>
