<?xml version="1.0" encoding="UTF-8"?>
<bpmn:definitions xmlns:xsi="http://www.w3.org/2001/XMLSchema-instance" xmlns:bpmn="http://www.omg.org/spec/BPMN/20100524/MODEL" xmlns:bpmndi="http://www.omg.org/spec/BPMN/20100524/DI" xmlns:dc="http://www.omg.org/spec/DD/20100524/DC" xmlns:di="http://www.omg.org/spec/DD/20100524/DI" id="Definitions_1" targetNamespace="http://bpmn.io/schema/bpmn">
  <bpmn:process id="Process_1" isExecutable="false">
    <bpmn:startEvent id="StartEvent_1">
      <bpmn:outgoing>Flow_0aih05y</bpmn:outgoing>
    </bpmn:startEvent>
    <bpmn:userTask id="Activity_1rorq9y" name="1. Submission">
      <bpmn:incoming>Flow_0aih05y</bpmn:incoming>
      <bpmn:outgoing>Flow_17qhj8r</bpmn:outgoing>
    </bpmn:userTask>
    <bpmn:sequenceFlow id="Flow_0aih05y" sourceRef="StartEvent_1" targetRef="Activity_1rorq9y" />
    <bpmn:userTask id="Activity_1lacool" name="2. Duty SGT Verify">
      <bpmn:incoming>Flow_17qhj8r</bpmn:incoming>
      <bpmn:incoming>Flow_1ebznbz</bpmn:incoming>
      <bpmn:outgoing>Flow_07sjl45</bpmn:outgoing>
      <bpmn:outgoing>Flow_0givvgs</bpmn:outgoing>
      <bpmn:outgoing>Flow_0h4keh6</bpmn:outgoing>
    </bpmn:userTask>
    <bpmn:sequenceFlow id="Flow_17qhj8r" name="Submitted" sourceRef="Activity_1rorq9y" targetRef="Activity_1lacool" />
    <bpmn:userTask id="Activity_1x3wgiq" name="3. Requestor Rework">
      <bpmn:incoming>Flow_07sjl45</bpmn:incoming>
      <bpmn:outgoing>Flow_1w0jz9t</bpmn:outgoing>
      <bpmn:outgoing>Flow_1ebznbz</bpmn:outgoing>
    </bpmn:userTask>
    <bpmn:sequenceFlow id="Flow_07sjl45" name="Reworked" sourceRef="Activity_1lacool" targetRef="Activity_1x3wgiq" />
    <bpmn:sequenceFlow id="Flow_1w0jz9t" name="Cancelled" sourceRef="Activity_1x3wgiq" targetRef="Activity_0q66i1i" />
    <bpmn:sequenceFlow id="Flow_1ebznbz" name="Resubmitted" sourceRef="Activity_1x3wgiq" targetRef="Activity_1lacool" />
    <bpmn:sequenceFlow id="Flow_0givvgs" name="Rejected" sourceRef="Activity_1lacool" targetRef="Activity_13edxem" />
    <bpmn:userTask id="Activity_0hscwwn" name="6. HOD Review">
      <bpmn:incoming>Flow_0h4keh6</bpmn:incoming>
      <bpmn:outgoing>Flow_1u6fpws</bpmn:outgoing>
    </bpmn:userTask>
    <bpmn:sequenceFlow id="Flow_0h4keh6" name="Verified" sourceRef="Activity_1lacool" targetRef="Activity_0hscwwn" />
    <bpmn:sendTask id="Activity_0qqz072" name="7. Success Notification">
      <bpmn:incoming>Flow_1u6fpws</bpmn:incoming>
      <bpmn:outgoing>Flow_1oy6tfv</bpmn:outgoing>
      <bpmn:outgoing>Flow_07cpsn2</bpmn:outgoing>
    </bpmn:sendTask>
    <bpmn:sequenceFlow id="Flow_1u6fpws" name="Approved" sourceRef="Activity_0hscwwn" targetRef="Activity_0qqz072" />
    <bpmn:sequenceFlow id="Flow_1oy6tfv" name="Rejected" sourceRef="Activity_0qqz072" targetRef="Activity_13edxem" />
    <bpmn:endEvent id="Event_0r3b2nd">
      <bpmn:incoming>Flow_07cpsn2</bpmn:incoming>
    </bpmn:endEvent>
    <bpmn:sequenceFlow id="Flow_07cpsn2" sourceRef="Activity_0qqz072" targetRef="Event_0r3b2nd" />
    <bpmn:sendTask id="Activity_13edxem" name="4. Reject Notification">
      <bpmn:incoming>Flow_0givvgs</bpmn:incoming>
      <bpmn:incoming>Flow_1oy6tfv</bpmn:incoming>
    </bpmn:sendTask>
    <bpmn:sendTask id="Activity_0q66i1i" name="5. Request Cancellation">
      <bpmn:incoming>Flow_1w0jz9t</bpmn:incoming>
    </bpmn:sendTask>
  </bpmn:process>
  <bpmndi:BPMNDiagram id="BPMNDiagram_1">
    <bpmndi:BPMNPlane id="BPMNPlane_1" bpmnElement="Process_1">
      <bpmndi:BPMNShape id="_BPMNShape_StartEvent_2" bpmnElement="StartEvent_1">
        <dc:Bounds x="662" y="52" width="36" height="36" />
      </bpmndi:BPMNShape>
      <bpmndi:BPMNShape id="Activity_19ra563_di" bpmnElement="Activity_1rorq9y">
        <dc:Bounds x="630" y="140" width="100" height="80" />
      </bpmndi:BPMNShape>
      <bpmndi:BPMNShape id="Activity_0ffm7y4_di" bpmnElement="Activity_1lacool">
        <dc:Bounds x="630" y="300" width="100" height="80" />
      </bpmndi:BPMNShape>
      <bpmndi:BPMNShape id="Activity_1gwpnkg_di" bpmnElement="Activity_0hscwwn">
        <dc:Bounds x="630" y="450" width="100" height="80" />
      </bpmndi:BPMNShape>
      <bpmndi:BPMNShape id="Activity_0o1y1dw_di" bpmnElement="Activity_0qqz072">
        <dc:Bounds x="630" y="600" width="100" height="80" />
        <bpmndi:BPMNLabel />
      </bpmndi:BPMNShape>
      <bpmndi:BPMNShape id="Event_0r3b2nd_di" bpmnElement="Event_0r3b2nd">
        <dc:Bounds x="662" y="732" width="36" height="36" />
      </bpmndi:BPMNShape>
      <bpmndi:BPMNShape id="Activity_0yser4c_di" bpmnElement="Activity_1x3wgiq">
        <dc:Bounds x="870" y="300" width="100" height="80" />
        <bpmndi:BPMNLabel />
      </bpmndi:BPMNShape>
      <bpmndi:BPMNShape id="Activity_0kdiaf0_di" bpmnElement="Activity_13edxem">
        <dc:Bounds x="430" y="300" width="100" height="80" />
      </bpmndi:BPMNShape>
      <bpmndi:BPMNShape id="Activity_15le8en_di" bpmnElement="Activity_0q66i1i">
        <dc:Bounds x="870" y="160" width="100" height="80" />
      </bpmndi:BPMNShape>
      <bpmndi:BPMNEdge id="Flow_0aih05y_di" bpmnElement="Flow_0aih05y">
        <di:waypoint x="680" y="88" />
        <di:waypoint x="680" y="140" />
      </bpmndi:BPMNEdge>
      <bpmndi:BPMNEdge id="Flow_17qhj8r_di" bpmnElement="Flow_17qhj8r">
        <di:waypoint x="680" y="220" />
        <di:waypoint x="680" y="300" />
        <bpmndi:BPMNLabel>
          <dc:Bounds x="615" y="250" width="50" height="14" />
        </bpmndi:BPMNLabel>
      </bpmndi:BPMNEdge>
      <bpmndi:BPMNEdge id="Flow_07sjl45_di" bpmnElement="Flow_07sjl45">
        <di:waypoint x="730" y="360" />
        <di:waypoint x="870" y="360" />
        <bpmndi:BPMNLabel>
          <dc:Bounds x="775" y="363" width="50" height="14" />
        </bpmndi:BPMNLabel>
      </bpmndi:BPMNEdge>
      <bpmndi:BPMNEdge id="Flow_1w0jz9t_di" bpmnElement="Flow_1w0jz9t">
        <di:waypoint x="920" y="300" />
        <di:waypoint x="920" y="240" />
        <bpmndi:BPMNLabel>
          <dc:Bounds x="925" y="266" width="49" height="14" />
        </bpmndi:BPMNLabel>
      </bpmndi:BPMNEdge>
      <bpmndi:BPMNEdge id="Flow_1ebznbz_di" bpmnElement="Flow_1ebznbz">
        <di:waypoint x="870" y="320" />
        <di:waypoint x="730" y="320" />
        <bpmndi:BPMNLabel>
          <dc:Bounds x="769" y="302" width="62" height="14" />
        </bpmndi:BPMNLabel>
      </bpmndi:BPMNEdge>
      <bpmndi:BPMNEdge id="Flow_0givvgs_di" bpmnElement="Flow_0givvgs">
        <di:waypoint x="630" y="340" />
        <di:waypoint x="530" y="340" />
        <bpmndi:BPMNLabel>
          <dc:Bounds x="558" y="322" width="44" height="14" />
        </bpmndi:BPMNLabel>
      </bpmndi:BPMNEdge>
      <bpmndi:BPMNEdge id="Flow_0h4keh6_di" bpmnElement="Flow_0h4keh6">
        <di:waypoint x="680" y="380" />
        <di:waypoint x="680" y="450" />
        <bpmndi:BPMNLabel>
          <dc:Bounds x="622" y="410" width="36" height="14" />
        </bpmndi:BPMNLabel>
      </bpmndi:BPMNEdge>
      <bpmndi:BPMNEdge id="Flow_1u6fpws_di" bpmnElement="Flow_1u6fpws">
        <di:waypoint x="680" y="530" />
        <di:waypoint x="680" y="600" />
        <bpmndi:BPMNLabel>
          <dc:Bounds x="616" y="562" width="47" height="14" />
        </bpmndi:BPMNLabel>
      </bpmndi:BPMNEdge>
      <bpmndi:BPMNEdge id="Flow_1oy6tfv_di" bpmnElement="Flow_1oy6tfv">
        <di:waypoint x="630" y="640" />
        <di:waypoint x="480" y="640" />
        <di:waypoint x="480" y="380" />
        <bpmndi:BPMNLabel>
          <dc:Bounds x="570" y="613" width="44" height="14" />
        </bpmndi:BPMNLabel>
      </bpmndi:BPMNEdge>
      <bpmndi:BPMNEdge id="Flow_07cpsn2_di" bpmnElement="Flow_07cpsn2">
        <di:waypoint x="680" y="680" />
        <di:waypoint x="680" y="732" />
      </bpmndi:BPMNEdge>
    </bpmndi:BPMNPlane>
  </bpmndi:BPMNDiagram>
</bpmn:definitions>
