{
  "components": [
    {
      "text": "# HOD Review",
      "type": "text",
      "id": "TITLE",
      "layout": {
        "row": "Row_0hodreview"
      }
    },
    {
      "label": "Comments",
      "type": "textarea",
      "layout": {
        "row": "Row_Comments"
      },
      "id": "Field_Comments",
      "key": "COMMENTS"
    }
  ],
  "schemaVersion": 18,
  "exporter": {
    "name": "form-js (https://demo.bpmn.io)",
    "version": "1.14.0"
  },
  "type": "default",
  "id": "EI_HOD_REVIEW_FORM",
  "versionTag": "0.0.1"
}