{
  "components": [
    {
      "text": "# Requestor Rework",
      "type": "text",
      "id": "TITLE",
      "layout": {
        "row": "Row_0z19mud"
      }
    },
    {
      "label": "Comment",
      "type": "textarea",
      "layout": {
        "row": "Row_0i1u7z6",
        "columns": null
      },
      "id": "Field_00g3tra",
      "key": "COMMENT"
    }
  ],
  "schemaVersion": 18,
  "exporter": {
    "name": "form-js (https://demo.bpmn.io)",
    "version": "1.14.0"
  },
  "type": "default",
  "id": "Form_06ngevp"
}