{
  "components": [
    {
      "text": "# Emergency Incident Form",
      "type": "text",
      "id": "TITLE",
      "layout": {
        "row": "Row_0z19mud",
        "columns": null
      }
    },
    {
      "label": "Incident Information",
      "components": [
        {
          "label": "Type of incident",
          "values": [
            {
              "label": "Medical Emergency",
              "value": "Medical Emergency"
            },
            {
              "label": "Fire Emergency",
              "value": "Fire Emergency"
            },
            {
              "label": "Other",
              "value": "Other"
            }
          ],
          "type": "select",
          "layout": {
            "row": "Row_0r1wylr",
            "columns": null
          },
          "id": "Field_0pgw759",
          "key": "TYPE_OF_INCIDENT",
          "validate": {
            "required": true
          }
        },
        {
          "label": "Code Color",
          "values": [
            {
              "label": "Code Blue",
              "value": "Code Blue"
            },
            {
              "label": "Code Assist",
              "value": "Code Assist"
            },
            {
              "label": "Code White",
              "value": "Code White"
            },
            {
              "label": "Code Red",
              "value": "Code Red"
            },
            {
              "label": "Code Amber",
              "value": "Code Amber"
            },
            {
              "label": "Code Yellow",
              "value": "Code Yellow"
            },
            {
              "label": "Code Black",
              "value": "Code Black"
            },
            {
              "label": "Code Orange",
              "value": "Code Orange"
            },
            {
              "label": "Code Other",
              "value": "Code Other"
            }
          ],
          "type": "select",
          "layout": {
            "row": "Row_02ygepn",
            "columns": null
          },
          "id": "Field_1b8t1tc",
          "key": "CODE_COLOR"
        },
        {
          "label": "Create Medical Treatment From (Y/N)",
          "values": [
            {
              "label": "Yes",
              "value": "Yes"
            },
            {
              "label": "No",
              "value": "No"
            }
          ],
          "type": "select",
          "layout": {
            "row": "Row_1n7gpoj",
            "columns": null
          },
          "id": "Field_1jvlz27",
          "key": "CREATE_MEDICAL_TREATMENT_FROM_YN"
        },
        {
          "subtype": "date",
          "dateLabel": "Date",
          "type": "datetime",
          "layout": {
            "row": "Row_1mgpsa8",
            "columns": null
          },
          "id": "Field_16x12k7",
          "key": "DATE_TIME"
        },
        {
          "label": "Property",
          "values": [
            {
              "label": "Naga 1",
              "value": "Naga 1"
            },
            {
              "label": "Naga 2",
              "value": "Naga 2"
            }
          ],
          "type": "select",
          "layout": {
            "row": "Row_0mkb7ro",
            "columns": null
          },
          "id": "Field_1efhau6",
          "key": "PROPERTY"
        },
        {
          "label": "Shift of Incident",
          "values": [
            {
              "label": "Morning",
              "value": "Morning"
            },
            {
              "label": "Afternoon",
              "value": "Aftrnoon"
            },
            {
              "label": "Night",
              "value": "Night"
            }
          ],
          "type": "select",
          "layout": {
            "row": "Row_1punoem",
            "columns": null
          },
          "id": "Field_0fnix2s",
          "key": "SHIFT_OF_INCIDENT"
        },
        {
          "label": "Location",
          "values": [
            {
              "label": "Hotel level GF",
              "value": "Hotel level GF"
            },
            {
              "label": "Hotel level 1",
              "value": "Hotel level 1"
            },
            {
              "label": "Hotel level 2",
              "value": "Hotel level 2"
            },
            {
              "label": "Hotel level 3",
              "value": "Hotel level 3"
            },
            {
              "label": "Hotel level 5",
              "value": "Hotel level 5"
            },
            {
              "label": "N1 Casino North",
              "value": "N1 Casino North"
            },
            {
              "label": "N1 Casino North GF",
              "value": "N1 Casino North GF"
            },
            {
              "label": "Casino North Level 1",
              "value": "Casino North Level 1"
            },
            {
              "label": "Casino North Level 2",
              "value": "Casino North Level 2"
            },
            {
              "label": "Casino North Level 3",
              "value": "Casino North Level 3"
            },
            {
              "label": "Casino North Level 4",
              "value": "Casino North Level 4"
            },
            {
              "label": "Casino North Level 5",
              "value": "Casino North Level 5"
            },
            {
              "label": "Casino North Level 6",
              "value": "Casino North Level 6"
            },
            {
              "label": "Casino North Level 7",
              "value": "Casino North Level 7"
            },
            {
              "label": "Casino North Level 8",
              "value": "Casino North Level 8"
            },
            {
              "label": "Hotel level 6",
              "value": "Hotel level 6"
            },
            {
              "label": "Hotel level 7",
              "value": "Hotel level 7"
            },
            {
              "label": "Hotel level 8",
              "value": "Hotel level 8"
            },
            {
              "label": "Hotel level 9",
              "value": "Hotel level 9"
            },
            {
              "label": "Hotel level 10",
              "value": "Hotel level 10"
            },
            {
              "label": "Hotel level 11",
              "value": "Hotel level 11"
            },
            {
              "label": "Hotel level 12",
              "value": "Hotel level 12"
            },
            {
              "label": "Hotel level 13",
              "value": "Hotel level 13"
            },
            {
              "label": "Hotel level 14",
              "value": "Hotel level 14"
            },
            {
              "label": "Hotel level 15",
              "value": "Hotel level 15"
            },
            {
              "label": "GROUND FLOOR",
              "value": "GROUND FLOOR"
            },
            {
              "label": "CARPARK LEVEL 1",
              "value": "CARPARK LEVEL 1"
            },
            {
              "label": "CARPARK LEVEL 2",
              "value": "CARPARK LEVEL 2"
            },
            {
              "label": "Pool wing Level 1",
              "value": "Pool wing Level 1"
            },
            {
              "label": "Pool wing Level 2",
              "value": "Pool wing Level 2"
            },
            {
              "label": "Pool wing Level 3",
              "value": "Pool wing Level 3"
            },
            {
              "label": "Pool wing Level 5",
              "value": "Pool wing Level 5"
            },
            {
              "label": "Pool wing Level 6",
              "value": "Pool wing Level 6"
            },
            {
              "label": "Pool wing Level 9",
              "value": "Pool wing Level 9"
            }
          ],
          "type": "select",
          "layout": {
            "row": "Row_0gnhooh",
            "columns": null
          },
          "id": "Field_0e5zgie",
          "key": "LOCATION",
          "properties": {}
        },
        {
          "label": "Remark",
          "type": "textarea",
          "layout": {
            "row": "Row_0keon8d",
            "columns": null
          },
          "id": "Field_03zql61",
          "key": "REMARK"
        }
      ],
      "showOutline": true,
      "type": "group",
      "layout": {
        "row": "Row_0cd3mti",
        "columns": null
      },
      "id": "Field_06hg874"
    },
    {
      "label": "Responder",
      "components": [
        {
          "label": "ID/Name",
          "values": [
            {
              "label": "024362 - Alagarsamy Alagurajan",
              "value": "024362 - Alagarsamy Alagurajan"
            },
            {
              "label": "002654 - ANTHONY B. DAMES",
              "value": "002654 - ANTHONY B. DAMES"
            },
            {
              "label": "020639 - CHANTHA THORA",
              "value": "020639 - CHANTHA THORA"
            },
            {
              "label": "005542 - CHAO POV",
              "value": "005542 - CHAO POV"
            },
            {
              "label": "010850 - CHAY YEE KIN",
              "value": "010850 - CHAY YEE KIN"
            },
            {
              "label": "022563 - CHHEM KIMCHHORN",
              "value": "022563 - CHHEM KIMCHHORN"
            },
            {
              "label": "024187 - Chhin Vanchhai",
              "value": "024187 - Chhin Vanchhai"
            }
          ],
          "type": "select",
          "layout": {
            "row": "Row_1wfg3ga",
            "columns": null
          },
          "id": "Field_01u86dm",
          "key": "select_1oqzs"
        },
        {
          "label": "Position",
          "type": "textfield",
          "layout": {
            "row": "Row_0v3s5np",
            "columns": null
          },
          "id": "Field_0zyajfc",
          "key": "RESPONDER_POSITION"
        },
        {
          "label": "Department",
          "type": "textfield",
          "layout": {
            "row": "Row_1l4si73",
            "columns": null
          },
          "id": "Field_1n3gwfh",
          "key": "RESPONDER_DEPARTMENT"
        },
        {
          "label": "Phone Contact",
          "type": "textfield",
          "layout": {
            "row": "Row_18e7qu5",
            "columns": null
          },
          "id": "Field_0q809vm",
          "key": "RESPONDER_PHONE_CONTACT"
        }
      ],
      "showOutline": true,
      "type": "group",
      "layout": {
        "row": "Row_1h3e84r",
        "columns": null
      },
      "id": "Field_12krazj"
    },
    {
      "label": "Patient Information",
      "components": [
        {
          "label": "Patient No",
          "values": [
            {
              "label": "024069 - Phann Malinka",
              "value": "024069 - Phann Malinka"
            },
            {
              "label": "024362 - Alagarsamy Alagurajan",
              "value": "024362 - Alagarsamy Alagurajan"
            }
          ],
          "type": "select",
          "layout": {
            "row": "Row_034xryg",
            "columns": null
          },
          "id": "Field_1xeue9h",
          "key": "select_2py7ms"
        },
        {
          "label": "Position",
          "type": "textfield",
          "layout": {
            "row": "Row_1tri6or",
            "columns": null
          },
          "id": "Field_07dwe2o",
          "key": "PATIENT_POSITION"
        },
        {
          "label": "DEPARTMENT",
          "type": "textfield",
          "layout": {
            "row": "Row_1r1y2my",
            "columns": null
          },
          "id": "Field_1jr2yfb",
          "key": "PATIENT_DEPARTMENT"
        },
        {
          "label": "Phone Contact",
          "type": "textfield",
          "layout": {
            "row": "Row_1o1qg1x",
            "columns": null
          },
          "id": "Field_0tv6gzc",
          "key": "PATIENT_PHONE_CONTACT"
        },
        {
          "label": "Call of Incident",
          "values": [
            {
              "label": "Stomach Pain",
              "value": "Stomach Pain"
            },
            {
              "label": "Difficulty of breathing",
              "value": "Difficulty of breathing"
            },
            {
              "label": "Submit document",
              "value": "Submit document"
            },
            {
              "label": "Hypertension",
              "value": "Hypertension"
            },
            {
              "label": "Dizziness",
              "value": "Dizziness"
            },
            {
              "label": "Burn wound",
              "value": "Burn wound"
            },
            {
              "label": "Laceration",
              "value": "Laceration"
            },
            {
              "label": "Injury / Wound",
              "value": "Injury / Wound"
            },
            {
              "label": "Accident",
              "value": "Accident"
            },
            {
              "label": "Headache",
              "value": "Headache"
            },
            {
              "label": "Unconscious",
              "value": "Unconscious"
            },
            {
              "label": "Vehicular Accident",
              "value": "Vehicular Accident"
            }
          ],
          "type": "select",
          "layout": {
            "row": "Row_1c3fn09",
            "columns": null
          },
          "id": "Field_0gykc1g",
          "key": "CALL_OF_INCIDENT"
        },
        {
          "label": "Guest Name",
          "type": "textfield",
          "layout": {
            "row": "Row_0zzdyvx",
            "columns": null
          },
          "id": "Field_164ac0h",
          "key": "GUEST_NAME"
        },
        {
          "label": "Room Number",
          "type": "textfield",
          "layout": {
            "row": "Row_1yg4e8x",
            "columns": null
          },
          "id": "Field_1g8qckk",
          "key": "ROOM_NUMBER"
        },
        {
          "label": "Remark",
          "type": "textarea",
          "layout": {
            "row": "Row_1jvha1p",
            "columns": null
          },
          "id": "Field_0q2aiez",
          "key": "PATIENT_REMARK"
        }
      ],
      "showOutline": true,
      "type": "group",
      "layout": {
        "row": "Row_14w4rm5",
        "columns": null
      },
      "id": "Field_1szf9nb"
    }
  ],
  "schemaVersion": 18,
  "exporter": {
    "name": "form-js (https://demo.bpmn.io)",
    "version": "1.14.0"
  },
  "type": "default",
  "id": "EI_SUBMISSION",
  "versionTag": "0.0.1"
}