{
    "workflow": {
      "engine_start": {
        "step": "User Chooses a Form",
        "input": {
          "description": "User selects a form",
          "examples": ["Emergency Incident Report", "Leave Request", "Expense Approval"],
          "system_action": [
            "Load the selected form",
            "Pre-fill user details, date, etc."
          ]
        },
        "process": {
          "description": "System retrieves necessary data",
          "actions": [
            "Fetch user’s department details",
            "Apply predefined templates",
            "Populate form fields dynamically"
          ]
        },
        "output": {
          "description": "User sees the form and is ready to fill it in",
          "status": "Form Opened"
        }
      }
    }
  }
  