{
  "requests": [
    {
      "id": 1,
      "createdBy": "requestor",
      "createdDt": "2025/02/01 01:01:01",
      "workflow": "Emergency Incident",
      "states": [
        {
          "id": 1,
          "form": "FORM_SUBMISSION",
          "formData": {
            "type_of_incident": "Medical Emergency",
            "code_color": "Code Blue",
            "create_medical_treatment_from_yn": "Yes",
            "date_time": "2025/02/01 01:01:01",
            "property": "Naga1",
            "shift_of_incident": "Morning",
            "location": "Hotel level GF",
            "remark": "this is remark",
            "responder_id": "024362 - Rajan",
            "responder_position": "Senior Programmer",
            "responder_department": "Group IT",
            "phone_contact": "13123",
            "patient_no": "022563 - KIMCHHORN",
            "patient_position": "IT TECHNICIAN",
            "patient_department": "Group IT",
            "patient_phone_contact": "0121111",
            "patient_call_of_incident": "Submit document",
            "patient_guest_name": "",
            "patient_room_number": "",
            "patient_remark": ""
          },
          "state": "ACTIVITY_SUBMISSION",
          "history": [],
          "createdBy": "requestor",
          "createdDt": "2025/02/01 01:01:01"
        }
      ]
    }
  ],
  "workflows": [
    {
      "id": "1",
      "name": "Emergency Incident",
      "bpmn": "<?xml version=\"1.0\" encoding=\"UTF-8\"?>\n<bpmn:definitions xmlns:xsi=\"http://www.w3.org/2001/XMLSchema-instance\" xmlns:bpmn=\"http://www.omg.org/spec/BPMN/20100524/MODEL\" xmlns:bpmndi=\"http://www.omg.org/spec/BPMN/20100524/DI\" xmlns:dc=\"http://www.omg.org/spec/DD/20100524/DC\" xmlns:di=\"http://www.omg.org/spec/DD/20100524/DI\" id=\"Definitions_0wo5rnq\" targetNamespace=\"http://bpmn.io/schema/bpmn\" exporter=\"bpmn-js (https://demo.bpmn.io)\" exporterVersion=\"18.1.1\">\n  <bpmn:process id=\"Process_1jhtlyx\" isExecutable=\"false\">\n    <bpmn:startEvent id=\"ACTIVITY_START\">\n      <bpmn:outgoing>Flow_13o4zox</bpmn:outgoing>\n    </bpmn:startEvent>\n    <bpmn:sequenceFlow id=\"Flow_1ioju4m\" name=\"Submitted\" sourceRef=\"Activity_13yob5y\" targetRef=\"Activity_0ub3n3p\" />\n    <bpmn:task id=\"Activity_1eo5pv1\" name=\"3. Requestor Rework\">\n      <bpmn:incoming>Flow_13pja62</bpmn:incoming>\n      <bpmn:incoming>Flow_0qi7tof</bpmn:incoming>\n      <bpmn:outgoing>Flow_17uz4j7</bpmn:outgoing>\n      <bpmn:outgoing>Flow_0z0d5hn</bpmn:outgoing>\n    </bpmn:task>\n    <bpmn:task id=\"Activity_1ueggfp\" name=\"4. Rejected Notification\">\n      <bpmn:incoming>Flow_1tpr2cd</bpmn:incoming>\n      <bpmn:incoming>Flow_1hqxxcr</bpmn:incoming>\n    </bpmn:task>\n    <bpmn:task id=\"Activity_1p56wu8\" name=\"5. Request Cancelation\">\n      <bpmn:incoming>Flow_17uz4j7</bpmn:incoming>\n    </bpmn:task>\n    <bpmn:sequenceFlow id=\"Flow_17uz4j7\" name=\"Cancelled\" sourceRef=\"Activity_1eo5pv1\" targetRef=\"Activity_1p56wu8\" />\n    <bpmn:task id=\"Activity_0vbeuq7\" name=\"6. HOD Reviewed\">\n      <bpmn:incoming>Flow_12q9w5e</bpmn:incoming>\n      <bpmn:outgoing>Flow_13pja62</bpmn:outgoing>\n      <bpmn:outgoing>Flow_1tpr2cd</bpmn:outgoing>\n      <bpmn:outgoing>Flow_0v9uxck</bpmn:outgoing>\n    </bpmn:task>\n    <bpmn:sequenceFlow id=\"Flow_13pja62\" name=\"Reworked\" sourceRef=\"Activity_0vbeuq7\" targetRef=\"Activity_1eo5pv1\" />\n    <bpmn:sequenceFlow id=\"Flow_1tpr2cd\" name=\"Rejected\" sourceRef=\"Activity_0vbeuq7\" targetRef=\"Activity_1ueggfp\" />\n    <bpmn:endEvent id=\"Event_1dvo2ck\" name=\"Email Notification\">\n      <bpmn:incoming>Flow_0v9uxck</bpmn:incoming>\n    </bpmn:endEvent>\n    <bpmn:task id=\"Activity_0ub3n3p\" name=\"2. Duty SGT Verify\">\n      <bpmn:incoming>Flow_0z0d5hn</bpmn:incoming>\n      <bpmn:incoming>Flow_1ioju4m</bpmn:incoming>\n      <bpmn:outgoing>Flow_0qi7tof</bpmn:outgoing>\n      <bpmn:outgoing>Flow_12q9w5e</bpmn:outgoing>\n      <bpmn:outgoing>Flow_1hqxxcr</bpmn:outgoing>\n    </bpmn:task>\n    <bpmn:sequenceFlow id=\"Flow_0qi7tof\" name=\"Reworked\" sourceRef=\"Activity_0ub3n3p\" targetRef=\"Activity_1eo5pv1\" />\n    <bpmn:sequenceFlow id=\"Flow_0z0d5hn\" name=\"Resubmitted\" sourceRef=\"Activity_1eo5pv1\" targetRef=\"Activity_0ub3n3p\" />\n    <bpmn:sequenceFlow id=\"Flow_12q9w5e\" name=\"Verified\" sourceRef=\"Activity_0ub3n3p\" targetRef=\"Activity_0vbeuq7\" />\n    <bpmn:sequenceFlow id=\"Flow_1hqxxcr\" name=\"Rejected\" sourceRef=\"Activity_0ub3n3p\" targetRef=\"Activity_1ueggfp\" />\n    <bpmn:task id=\"Activity_13yob5y\" name=\"1. Submission\">\n      <bpmn:incoming>Flow_13o4zox</bpmn:incoming>\n      <bpmn:outgoing>Flow_1ioju4m</bpmn:outgoing>\n    </bpmn:task>\n    <bpmn:sequenceFlow id=\"Flow_13o4zox\" sourceRef=\"ACTIVITY_START\" targetRef=\"Activity_13yob5y\" />\n    <bpmn:sequenceFlow id=\"Flow_0v9uxck\" name=\"Reviewed\" sourceRef=\"Activity_0vbeuq7\" targetRef=\"Event_1dvo2ck\" />\n  </bpmn:process>\n  <bpmndi:BPMNDiagram id=\"BPMNDiagram_1\">\n    <bpmndi:BPMNPlane id=\"BPMNPlane_1\" bpmnElement=\"Process_1jhtlyx\">\n      <bpmndi:BPMNShape id=\"_BPMNShape_StartEvent_2\" bpmnElement=\"ACTIVITY_START\">\n        <dc:Bounds x=\"492\" y=\"202\" width=\"36\" height=\"36\" />\n        <bpmndi:BPMNLabel>\n          <dc:Bounds x=\"485\" y=\"72\" width=\"51\" height=\"14\" />\n        </bpmndi:BPMNLabel>\n      </bpmndi:BPMNShape>\n      <bpmndi:BPMNShape id=\"Activity_1eo5pv1_di\" bpmnElement=\"Activity_1eo5pv1\">\n        <dc:Bounds x=\"760\" y=\"480\" width=\"100\" height=\"80\" />\n        <bpmndi:BPMNLabel />\n      </bpmndi:BPMNShape>\n      <bpmndi:BPMNShape id=\"Activity_1ueggfp_di\" bpmnElement=\"Activity_1ueggfp\">\n        <dc:Bounds x=\"160\" y=\"310\" width=\"100\" height=\"80\" />\n        <bpmndi:BPMNLabel />\n      </bpmndi:BPMNShape>\n      <bpmndi:BPMNShape id=\"Activity_1p56wu8_di\" bpmnElement=\"Activity_1p56wu8\">\n        <dc:Bounds x=\"760\" y=\"320\" width=\"100\" height=\"80\" />\n        <bpmndi:BPMNLabel />\n      </bpmndi:BPMNShape>\n      <bpmndi:BPMNShape id=\"Activity_0vbeuq7_di\" bpmnElement=\"Activity_0vbeuq7\">\n        <dc:Bounds x=\"460\" y=\"660\" width=\"100\" height=\"80\" />\n        <bpmndi:BPMNLabel />\n      </bpmndi:BPMNShape>\n      <bpmndi:BPMNShape id=\"Activity_0ub3n3p_di\" bpmnElement=\"Activity_0ub3n3p\">\n        <dc:Bounds x=\"460\" y=\"480\" width=\"100\" height=\"80\" />\n        <bpmndi:BPMNLabel />\n      </bpmndi:BPMNShape>\n      <bpmndi:BPMNShape id=\"Activity_13yob5y_di\" bpmnElement=\"Activity_13yob5y\">\n        <dc:Bounds x=\"460\" y=\"310\" width=\"100\" height=\"80\" />\n        <bpmndi:BPMNLabel />\n      </bpmndi:BPMNShape>\n      <bpmndi:BPMNShape id=\"Event_1dvo2ck_di\" bpmnElement=\"Event_1dvo2ck\">\n        <dc:Bounds x=\"492\" y=\"832\" width=\"36\" height=\"36\" />\n        <bpmndi:BPMNLabel>\n          <dc:Bounds x=\"468\" y=\"875\" width=\"85\" height=\"14\" />\n        </bpmndi:BPMNLabel>\n      </bpmndi:BPMNShape>\n      <bpmndi:BPMNEdge id=\"Flow_1ioju4m_di\" bpmnElement=\"Flow_1ioju4m\">\n        <di:waypoint x=\"510\" y=\"390\" />\n        <di:waypoint x=\"510\" y=\"480\" />\n        <bpmndi:BPMNLabel>\n          <dc:Bounds x=\"455\" y=\"428\" width=\"50\" height=\"14\" />\n        </bpmndi:BPMNLabel>\n      </bpmndi:BPMNEdge>\n      <bpmndi:BPMNEdge id=\"Flow_17uz4j7_di\" bpmnElement=\"Flow_17uz4j7\">\n        <di:waypoint x=\"810\" y=\"480\" />\n        <di:waypoint x=\"810\" y=\"400\" />\n        <bpmndi:BPMNLabel>\n          <dc:Bounds x=\"815\" y=\"433\" width=\"49\" height=\"14\" />\n        </bpmndi:BPMNLabel>\n      </bpmndi:BPMNEdge>\n      <bpmndi:BPMNEdge id=\"Flow_13pja62_di\" bpmnElement=\"Flow_13pja62\">\n        <di:waypoint x=\"560\" y=\"700\" />\n        <di:waypoint x=\"810\" y=\"700\" />\n        <di:waypoint x=\"810\" y=\"560\" />\n        <bpmndi:BPMNLabel>\n          <dc:Bounds x=\"815\" y=\"643\" width=\"50\" height=\"14\" />\n        </bpmndi:BPMNLabel>\n      </bpmndi:BPMNEdge>\n      <bpmndi:BPMNEdge id=\"Flow_1tpr2cd_di\" bpmnElement=\"Flow_1tpr2cd\">\n        <di:waypoint x=\"460\" y=\"700\" />\n        <di:waypoint x=\"210\" y=\"700\" />\n        <di:waypoint x=\"210\" y=\"390\" />\n        <bpmndi:BPMNLabel>\n          <dc:Bounds x=\"158\" y=\"640\" width=\"44\" height=\"14\" />\n        </bpmndi:BPMNLabel>\n      </bpmndi:BPMNEdge>\n      <bpmndi:BPMNEdge id=\"Flow_0qi7tof_di\" bpmnElement=\"Flow_0qi7tof\">\n        <di:waypoint x=\"560\" y=\"540\" />\n        <di:waypoint x=\"760\" y=\"540\" />\n        <bpmndi:BPMNLabel>\n          <dc:Bounds x=\"634\" y=\"522\" width=\"50\" height=\"14\" />\n        </bpmndi:BPMNLabel>\n      </bpmndi:BPMNEdge>\n      <bpmndi:BPMNEdge id=\"Flow_0z0d5hn_di\" bpmnElement=\"Flow_0z0d5hn\">\n        <di:waypoint x=\"760\" y=\"500\" />\n        <di:waypoint x=\"560\" y=\"500\" />\n        <bpmndi:BPMNLabel>\n          <dc:Bounds x=\"629\" y=\"482\" width=\"62\" height=\"14\" />\n        </bpmndi:BPMNLabel>\n      </bpmndi:BPMNEdge>\n      <bpmndi:BPMNEdge id=\"Flow_12q9w5e_di\" bpmnElement=\"Flow_12q9w5e\">\n        <di:waypoint x=\"510\" y=\"560\" />\n        <di:waypoint x=\"510\" y=\"660\" />\n        <bpmndi:BPMNLabel>\n          <dc:Bounds x=\"521\" y=\"607\" width=\"37\" height=\"14\" />\n        </bpmndi:BPMNLabel>\n      </bpmndi:BPMNEdge>\n      <bpmndi:BPMNEdge id=\"Flow_1hqxxcr_di\" bpmnElement=\"Flow_1hqxxcr\">\n        <di:waypoint x=\"460\" y=\"520\" />\n        <di:waypoint x=\"230\" y=\"520\" />\n        <di:waypoint x=\"230\" y=\"390\" />\n        <bpmndi:BPMNLabel>\n          <dc:Bounds x=\"323\" y=\"502\" width=\"44\" height=\"14\" />\n        </bpmndi:BPMNLabel>\n      </bpmndi:BPMNEdge>\n      <bpmndi:BPMNEdge id=\"Flow_13o4zox_di\" bpmnElement=\"Flow_13o4zox\">\n        <di:waypoint x=\"510\" y=\"238\" />\n        <di:waypoint x=\"510\" y=\"310\" />\n      </bpmndi:BPMNEdge>\n      <bpmndi:BPMNEdge id=\"Flow_0v9uxck_di\" bpmnElement=\"Flow_0v9uxck\">\n        <di:waypoint x=\"510\" y=\"740\" />\n        <di:waypoint x=\"510\" y=\"832\" />\n        <bpmndi:BPMNLabel>\n          <dc:Bounds x=\"445\" y=\"773\" width=\"49\" height=\"14\" />\n        </bpmndi:BPMNLabel>\n      </bpmndi:BPMNEdge>\n    </bpmndi:BPMNPlane>\n  </bpmndi:BPMNDiagram>\n</bpmn:definitions>\n"
    },
    {
      "id": "3bc9",
      "name": "aaaaa",
      "bpmn": "<?xml version=\"1.0\" encoding=\"UTF-8\"?>\n<bpmn:definitions xmlns:xsi=\"http://www.w3.org/2001/XMLSchema-instance\" xmlns:bpmn=\"http://www.omg.org/spec/BPMN/20100524/MODEL\" xmlns:bpmndi=\"http://www.omg.org/spec/BPMN/20100524/DI\" xmlns:dc=\"http://www.omg.org/spec/DD/20100524/DC\" id=\"Definitions_1\" targetNamespace=\"http://bpmn.io/schema/bpmn\">\n  <bpmn:process id=\"Process_1\" isExecutable=\"false\">\n    <bpmn:startEvent id=\"StartEvent_1\" />\n  </bpmn:process>\n  <bpmndi:BPMNDiagram id=\"BPMNDiagram_1\">\n    <bpmndi:BPMNPlane id=\"BPMNPlane_1\" bpmnElement=\"Process_1\">\n      <bpmndi:BPMNShape id=\"_BPMNShape_StartEvent_2\" bpmnElement=\"StartEvent_1\">\n        <dc:Bounds x=\"173\" y=\"102\" width=\"36\" height=\"36\" />\n      </bpmndi:BPMNShape>\n    </bpmndi:BPMNPlane>\n  </bpmndi:BPMNDiagram>\n</bpmn:definitions>\n"
    },
    {
      "id": "e8a1",
      "name": "bbb",
      "bpmn": "<?xml version=\"1.0\" encoding=\"UTF-8\"?>\n<bpmn:definitions xmlns:xsi=\"http://www.w3.org/2001/XMLSchema-instance\" xmlns:bpmn=\"http://www.omg.org/spec/BPMN/20100524/MODEL\" xmlns:bpmndi=\"http://www.omg.org/spec/BPMN/20100524/DI\" xmlns:dc=\"http://www.omg.org/spec/DD/20100524/DC\" id=\"Definitions_1\" targetNamespace=\"http://bpmn.io/schema/bpmn\">\n  <bpmn:process id=\"Process_1\" isExecutable=\"false\">\n    <bpmn:startEvent id=\"StartEvent_1\" />\n  </bpmn:process>\n  <bpmndi:BPMNDiagram id=\"BPMNDiagram_1\">\n    <bpmndi:BPMNPlane id=\"BPMNPlane_1\" bpmnElement=\"Process_1\">\n      <bpmndi:BPMNShape id=\"_BPMNShape_StartEvent_2\" bpmnElement=\"StartEvent_1\">\n        <dc:Bounds x=\"173\" y=\"102\" width=\"36\" height=\"36\" />\n      </bpmndi:BPMNShape>\n    </bpmndi:BPMNPlane>\n  </bpmndi:BPMNDiagram>\n</bpmn:definitions>\n"
    },
    {
      "id": "dffe",
      "name": "dsafsaf",
      "bpmn": "<?xml version=\"1.0\" encoding=\"UTF-8\"?>\n<bpmn:definitions xmlns:xsi=\"http://www.w3.org/2001/XMLSchema-instance\" xmlns:bpmn=\"http://www.omg.org/spec/BPMN/20100524/MODEL\" xmlns:bpmndi=\"http://www.omg.org/spec/BPMN/20100524/DI\" xmlns:dc=\"http://www.omg.org/spec/DD/20100524/DC\" id=\"Definitions_1\" targetNamespace=\"http://bpmn.io/schema/bpmn\">\n  <bpmn:process id=\"Process_1\" isExecutable=\"false\">\n    <bpmn:startEvent id=\"StartEvent_1\" />\n  </bpmn:process>\n  <bpmndi:BPMNDiagram id=\"BPMNDiagram_1\">\n    <bpmndi:BPMNPlane id=\"BPMNPlane_1\" bpmnElement=\"Process_1\">\n      <bpmndi:BPMNShape id=\"_BPMNShape_StartEvent_2\" bpmnElement=\"StartEvent_1\">\n        <dc:Bounds x=\"173\" y=\"102\" width=\"36\" height=\"36\" />\n      </bpmndi:BPMNShape>\n    </bpmndi:BPMNPlane>\n  </bpmndi:BPMNDiagram>\n</bpmn:definitions>\n"
    },
    {
      "id": "c4ad",
      "name": "eeeer",
      "bpmn": "<?xml version=\"1.0\" encoding=\"UTF-8\"?>\n<bpmn:definitions xmlns:xsi=\"http://www.w3.org/2001/XMLSchema-instance\" xmlns:bpmn=\"http://www.omg.org/spec/BPMN/20100524/MODEL\" xmlns:bpmndi=\"http://www.omg.org/spec/BPMN/20100524/DI\" xmlns:dc=\"http://www.omg.org/spec/DD/20100524/DC\" id=\"Definitions_1\" targetNamespace=\"http://bpmn.io/schema/bpmn\">\n  <bpmn:process id=\"Process_1\" isExecutable=\"false\">\n    <bpmn:startEvent id=\"StartEvent_1\" />\n  </bpmn:process>\n  <bpmndi:BPMNDiagram id=\"BPMNDiagram_1\">\n    <bpmndi:BPMNPlane id=\"BPMNPlane_1\" bpmnElement=\"Process_1\">\n      <bpmndi:BPMNShape id=\"_BPMNShape_StartEvent_2\" bpmnElement=\"StartEvent_1\">\n        <dc:Bounds x=\"173\" y=\"102\" width=\"36\" height=\"36\" />\n      </bpmndi:BPMNShape>\n    </bpmndi:BPMNPlane>\n  </bpmndi:BPMNDiagram>\n</bpmn:definitions>\n"
    },
    {
      "id": "1b47",
      "name": "4rrr",
      "bpmn": "<?xml version=\"1.0\" encoding=\"UTF-8\"?>\n<bpmn:definitions xmlns:xsi=\"http://www.w3.org/2001/XMLSchema-instance\" xmlns:bpmn=\"http://www.omg.org/spec/BPMN/20100524/MODEL\" xmlns:bpmndi=\"http://www.omg.org/spec/BPMN/20100524/DI\" xmlns:dc=\"http://www.omg.org/spec/DD/20100524/DC\" id=\"Definitions_1\" targetNamespace=\"http://bpmn.io/schema/bpmn\">\n  <bpmn:process id=\"Process_1\" isExecutable=\"false\">\n    <bpmn:startEvent id=\"StartEvent_1\" />\n  </bpmn:process>\n  <bpmndi:BPMNDiagram id=\"BPMNDiagram_1\">\n    <bpmndi:BPMNPlane id=\"BPMNPlane_1\" bpmnElement=\"Process_1\">\n      <bpmndi:BPMNShape id=\"_BPMNShape_StartEvent_2\" bpmnElement=\"StartEvent_1\">\n        <dc:Bounds x=\"173\" y=\"102\" width=\"36\" height=\"36\" />\n      </bpmndi:BPMNShape>\n    </bpmndi:BPMNPlane>\n  </bpmndi:BPMNDiagram>\n</bpmn:definitions>\n"
    },
    {
      "id": "18a2",
      "name": "ka",
      "bpmn": "<?xml version=\"1.0\" encoding=\"UTF-8\"?>\n<bpmn:definitions xmlns:xsi=\"http://www.w3.org/2001/XMLSchema-instance\" xmlns:bpmn=\"http://www.omg.org/spec/BPMN/20100524/MODEL\" xmlns:bpmndi=\"http://www.omg.org/spec/BPMN/20100524/DI\" xmlns:dc=\"http://www.omg.org/spec/DD/20100524/DC\" xmlns:di=\"http://www.omg.org/spec/DD/20100524/DI\" id=\"Definitions_1\" targetNamespace=\"http://bpmn.io/schema/bpmn\">\n  <bpmn:process id=\"Process_1\" isExecutable=\"false\">\n    <bpmn:startEvent id=\"StartEvent_1\">\n      <bpmn:outgoing>Flow_1rmibzb</bpmn:outgoing>\n    </bpmn:startEvent>\n    <bpmn:intermediateThrowEvent id=\"Event_0l3flv7\">\n      <bpmn:incoming>Flow_1rmibzb</bpmn:incoming>\n    </bpmn:intermediateThrowEvent>\n    <bpmn:sequenceFlow id=\"Flow_1rmibzb\" sourceRef=\"StartEvent_1\" targetRef=\"Event_0l3flv7\" />\n  </bpmn:process>\n  <bpmndi:BPMNDiagram id=\"BPMNDiagram_1\">\n    <bpmndi:BPMNPlane id=\"BPMNPlane_1\" bpmnElement=\"Process_1\">\n      <bpmndi:BPMNShape id=\"_BPMNShape_StartEvent_2\" bpmnElement=\"StartEvent_1\">\n        <dc:Bounds x=\"322\" y=\"152\" width=\"36\" height=\"36\" />\n      </bpmndi:BPMNShape>\n      <bpmndi:BPMNShape id=\"Event_0l3flv7_di\" bpmnElement=\"Event_0l3flv7\">\n        <dc:Bounds x=\"412\" y=\"152\" width=\"36\" height=\"36\" />\n      </bpmndi:BPMNShape>\n      <bpmndi:BPMNEdge id=\"Flow_1rmibzb_di\" bpmnElement=\"Flow_1rmibzb\">\n        <di:waypoint x=\"358\" y=\"170\" />\n        <di:waypoint x=\"412\" y=\"170\" />\n      </bpmndi:BPMNEdge>\n    </bpmndi:BPMNPlane>\n  </bpmndi:BPMNDiagram>\n</bpmn:definitions>\n"
    }
  ],
  "forms": [
    {
      "id": "1",
      "code": "FORM_SUBMISSION",
      "components": [
        {
          "text": "# Submission",
          "type": "text",
          "id": "TITLE",
          "layout": {
            "row": "Row_0z19mud",
            "columns": null
          }
        },
        {
          "label": "Incident Information",
          "components": [
            {
              "label": "Type of incident",
              "values": [
                {
                  "label": "Value",
                  "value": "value"
                }
              ],
              "type": "select",
              "layout": {
                "row": "Row_0r1wylr",
                "columns": null
              },
              "id": "Field_0pgw759",
              "key": "TYPE_OF_INCIDENT"
            },
            {
              "label": "Code Color",
              "values": [
                {
                  "label": "Value",
                  "value": "value"
                }
              ],
              "type": "select",
              "layout": {
                "row": "Row_02ygepn",
                "columns": null
              },
              "id": "Field_1b8t1tc",
              "key": "CODE_COLOR"
            },
            {
              "label": "Create Medical Treatment From (Y/N)",
              "values": [
                {
                  "label": "Value",
                  "value": "value"
                }
              ],
              "type": "select",
              "layout": {
                "row": "Row_1n7gpoj",
                "columns": null
              },
              "id": "Field_1jvlz27",
              "key": "CREATE_MEDICAL_TREATMENT_FROM_YN"
            },
            {
              "subtype": "date",
              "dateLabel": "Date/Time",
              "type": "datetime",
              "layout": {
                "row": "Row_1mgpsa8",
                "columns": null
              },
              "id": "Field_16x12k7",
              "key": "DATE_TIME"
            },
            {
              "label": "Property",
              "values": [
                {
                  "label": "Value",
                  "value": "value"
                }
              ],
              "type": "select",
              "layout": {
                "row": "Row_0mkb7ro",
                "columns": null
              },
              "id": "Field_1efhau6",
              "key": "PROPERTY"
            },
            {
              "label": "Shift of Incident",
              "values": [
                {
                  "label": "Value",
                  "value": "value"
                }
              ],
              "type": "select",
              "layout": {
                "row": "Row_1punoem",
                "columns": null
              },
              "id": "Field_0fnix2s",
              "key": "SHIFT_OF_INCIDENT"
            },
            {
              "label": "Location",
              "values": [
                {
                  "label": "Value",
                  "value": "value"
                }
              ],
              "type": "select",
              "layout": {
                "row": "Row_0gnhooh",
                "columns": null
              },
              "id": "Field_0e5zgie",
              "key": "LOCATION"
            },
            {
              "label": "Remark",
              "type": "textarea",
              "layout": {
                "row": "Row_0keon8d",
                "columns": null
              },
              "id": "Field_03zql61",
              "key": "REMARK"
            }
          ],
          "showOutline": true,
          "type": "group",
          "layout": {
            "row": "Row_0cd3mti",
            "columns": null
          },
          "id": "Field_06hg874"
        },
        {
          "label": "Responder",
          "components": [
            {
              "label": "ID/Name",
              "type": "textfield",
              "layout": {
                "row": "Row_0wkrihq",
                "columns": null
              },
              "id": "Field_0vdwn3s",
              "key": "RESPONDER_ID"
            },
            {
              "label": "Position",
              "type": "textfield",
              "layout": {
                "row": "Row_0v3s5np",
                "columns": null
              },
              "id": "Field_0zyajfc",
              "key": "RESPONDER_POSITION"
            },
            {
              "label": "Department",
              "type": "textfield",
              "layout": {
                "row": "Row_1l4si73",
                "columns": null
              },
              "id": "Field_1n3gwfh",
              "key": "RESPONDER_DEPARTMENT"
            },
            {
              "label": "Phone Contact",
              "type": "textfield",
              "layout": {
                "row": "Row_18e7qu5",
                "columns": null
              },
              "id": "Field_0q809vm",
              "key": "RESPONDER_PHONE_CONTACT"
            }
          ],
          "showOutline": true,
          "type": "group",
          "layout": {
            "row": "Row_1h3e84r",
            "columns": null
          },
          "id": "Field_12krazj"
        },
        {
          "label": "Patient Information",
          "components": [
            {
              "label": "Patient No",
              "type": "textfield",
              "layout": {
                "row": "Row_016tgyp",
                "columns": null
              },
              "id": "Field_1bi8ydw",
              "key": "PATIENT_NO"
            },
            {
              "label": "Position",
              "type": "textfield",
              "layout": {
                "row": "Row_1tri6or",
                "columns": null
              },
              "id": "Field_07dwe2o",
              "key": "PATIENT_POSITION"
            },
            {
              "label": "DEPARTMENT",
              "type": "textfield",
              "layout": {
                "row": "Row_1r1y2my",
                "columns": null
              },
              "id": "Field_1jr2yfb",
              "key": "PATIENT_DEPARTMENT"
            },
            {
              "label": "Phone Contact",
              "type": "textfield",
              "layout": {
                "row": "Row_1o1qg1x",
                "columns": null
              },
              "id": "Field_0tv6gzc",
              "key": "PATIENT_PHONE_CONTACT"
            },
            {
              "label": "Call of Incident",
              "values": [
                {
                  "label": "Value",
                  "value": "value"
                }
              ],
              "type": "select",
              "layout": {
                "row": "Row_1c3fn09",
                "columns": null
              },
              "id": "Field_0gykc1g",
              "key": "CALL_OF_INCIDENT"
            },
            {
              "label": "Guest Name",
              "type": "textfield",
              "layout": {
                "row": "Row_0zzdyvx",
                "columns": null
              },
              "id": "Field_164ac0h",
              "key": "GUEST_NAME"
            },
            {
              "label": "Room Number",
              "type": "textfield",
              "layout": {
                "row": "Row_1yg4e8x",
                "columns": null
              },
              "id": "Field_1g8qckk",
              "key": "ROOM_NUMBER"
            },
            {
              "label": "Remark",
              "type": "textarea",
              "layout": {
                "row": "Row_1jvha1p",
                "columns": null
              },
              "id": "Field_0q2aiez",
              "key": "PATIENT_REMARK"
            }
          ],
          "showOutline": true,
          "type": "group",
          "layout": {
            "row": "Row_14w4rm5",
            "columns": null
          },
          "id": "Field_1szf9nb"
        },
        {
          "label": "Submit",
          "action": "submit",
          "type": "button",
          "layout": {
            "row": "Row_1fwz3qr",
            "columns": null
          },
          "id": "Field_1myg3wi"
        }
      ],
      "schemaVersion": 17,
      "exporter": {
        "name": "form-js (https://demo.bpmn.io)",
        "version": "1.12.0"
      },
      "type": "default",
      "versionTag": "0.0.1"
    },
    {
      "id": "2",
      "code": "FORM_DUTY_SGT_VERIFY",
      "components": [
        {
          "text": "# Duty SGT Verify",
          "type": "text",
          "id": "Field_1dt6bbg",
          "layout": {
            "row": "Row_0z19mud"
          }
        },
        {
          "label": "Comment",
          "type": "textarea",
          "layout": {
            "row": "Row_0i1u7z6",
            "columns": null
          },
          "id": "Field_00g3tra",
          "key": "COMMENT"
        },
        {
          "label": "Rework",
          "action": "submit",
          "type": "button",
          "layout": {
            "row": "Row_1yuyt84",
            "columns": null
          },
          "id": "Field_1utvrn9"
        },
        {
          "label": "Verify",
          "action": "submit",
          "type": "button",
          "layout": {
            "row": "Row_1yuyt84",
            "columns": null
          },
          "id": "Field_1c6xg90"
        },
        {
          "label": "Reject",
          "action": "submit",
          "type": "button",
          "layout": {
            "row": "Row_1yuyt84",
            "columns": null
          },
          "id": "Field_0oa5o8a"
        }
      ],
      "schemaVersion": 17,
      "exporter": {
        "name": "form-js (https://demo.bpmn.io)",
        "version": "1.12.0"
      },
      "type": "default"
    },
    {
      "id": "3",
      "code": "FORM_HOD_REVIEW",
      "components": [
        {
          "text": "# Hod Review",
          "type": "text",
          "id": "TITLE",
          "layout": {
            "row": "Row_0z19mud"
          }
        },
        {
          "label": "Comment",
          "type": "textarea",
          "layout": {
            "row": "Row_0i1u7z6",
            "columns": null
          },
          "id": "Field_00g3tra",
          "key": "COMMENT"
        },
        {
          "label": "Rework",
          "action": "submit",
          "type": "button",
          "layout": {
            "row": "Row_1yuyt84",
            "columns": null
          },
          "id": "Field_1utvrn9"
        },
        {
          "label": "Verify",
          "action": "submit",
          "type": "button",
          "layout": {
            "row": "Row_1yuyt84",
            "columns": null
          },
          "id": "Field_1c6xg90"
        },
        {
          "label": "Reject",
          "action": "submit",
          "type": "button",
          "layout": {
            "row": "Row_1yuyt84",
            "columns": null
          },
          "id": "Field_0oa5o8a"
        }
      ],
      "schemaVersion": 17,
      "exporter": {
        "name": "form-js (https://demo.bpmn.io)",
        "version": "1.12.0"
      },
      "type": "default"
    },
    {
      "id": "4",
      "code": "FORM_REQUESTOR_REWORK",
      "components": [
        {
          "text": "# Requestor Rework",
          "type": "text",
          "id": "TITLE",
          "layout": {
            "row": "Row_0z19mud"
          }
        },
        {
          "label": "Comment",
          "type": "textarea",
          "layout": {
            "row": "Row_0i1u7z6",
            "columns": null
          },
          "id": "Field_00g3tra",
          "key": "COMMENT"
        },
        {
          "label": "Rework",
          "action": "submit",
          "type": "button",
          "layout": {
            "row": "Row_1yuyt84",
            "columns": null
          },
          "id": "Field_1utvrn9"
        },
        {
          "label": "Verify",
          "action": "submit",
          "type": "button",
          "layout": {
            "row": "Row_1yuyt84",
            "columns": null
          },
          "id": "Field_1c6xg90"
        },
        {
          "label": "Reject",
          "action": "submit",
          "type": "button",
          "layout": {
            "row": "Row_1yuyt84",
            "columns": null
          },
          "id": "Field_0oa5o8a"
        }
      ],
      "schemaVersion": 17,
      "exporter": {
        "name": "form-js (https://demo.bpmn.io)",
        "version": "1.12.0"
      },
      "type": "default"
    }
  ],
  "users": [
    {
      "id": "1",
      "name": "requestor",
      "role_name": "REQUESTOR"
    },
    {
      "id": "2",
      "name": "duty sgt verifier",
      "role_name": "DUTY SGT VERIFIER"
    },
    {
      "id": "3",
      "name": "hod",
      "role_name": "HOD"
    }
  ],
  "roles": [
    {
      "id": "1",
      "name": "REQUESTOR"
    },
    {
      "id": "2",
      "name": "DUTY SGT VERIFIER"
    },
    {
      "id": "3",
      "name": "HOD"
    }
  ]
}